Disease,Treatments
A Forehead Mass,Endoscopic Excision
Abdominal Pain,Artichoke Extracts ( Cynara Scolymus L. )
Abdominal Tuberculosis,Steroids
Abnormal Uterine Bleeding,Therapeutic Hysteroscopy
Abscesses,Ct-Controlled Drainage With A Basket Catheter System
Acoustic Neuroma,Stereotactic Radiosurgery
Acromegaly,Long-Acting Octreotide ( Sandostatin-Lar )
Acute Abdominal Pain,Opioid Analgesic Administration
Acute And Chronic Thoracic And Abdominal Pain,Thoracic Paravertebral Block ( Tpvb )
Acute Carbon Monoxide Poisoning,Hyperbaric Or Normobaric Oxygen
Acute Cerebral Ischemia,Antiplatelet Therapy
Acute Colonic Pseudo-Obstruction,Neostigmine
Acute Coronary Syndromes,Antithrombotic Therapy
Acute Dental Pain,Acupuncture
Acute Humoral Rejection,Plasma Exchange And Tacrolimus-Mycophenolate Rescue
Acute Leukemia,Phenylbutazone
Acute Lymphoblastic Leukemia And Non-Hodgkin Lymphoma,Chemotherapy
Acute Middle Cerebral Artery Occlusion,Direct Percutaneous Transluminal Angioplasty
Acute Migraine,Serotonin Agonists; Sumatriptan
Acute Myocardial Infarction,Alteplase; Anticoagulants; Continuous Infusion Of Alteplase With Double-Bolus Administration; Intensive Insulin Treatment; Left Ventricular Assist Device; Pharmacological Management; Primary Angioplasty; Thrombolytic Therapy; Thrombolytic Treatment
Acute Nasopharyngitis ( Anp ),Antibiotic Treatment
Acute Nd Chronic Lung Allograft Rejection,Extracorporeal Photopheresis
Acute Occlusion Of The Middle Cerebral Artery,Direct Percutaneous Transluminal Angioplasty ( Pta ); Reperfusion Treatment
Acute Opioid Withdrawal Syndrome,Epidural Morphine; Naloxone
Acute Renal Dysfunction,Continuous Renal Replacement Therapy
Acute Repetitive Seizures,Rectal Diazepam Gel
Acute Respiratory Distress Syndrome,Ventilation Strategy
Acute Respiratory Failure,Conventional Mechanical Ventilation; Noninvasive Positive-Pressure Ventilation
Acute Severe Asthma,Heliox
Acute Thrombotic Disorders,Anticoagulants; Antithrombotic Agents; Heparin
Adhd,Methylphenidate
Adult Urinary Incontinence,Pelvic Floor Stimulation
Advanced Carcinoma Of The Esophagus And Cardia,Esophageal Intubation
Advanced Epithelial Ovarian Cancer,Surgery
Advanced Esophageal Cancer,"Adjuvant Chemoradiotherapy With Cddp , 5-Fu , And Vp-16"
Advanced Hormone Refractory Prostate Cancer,Mitoxantrone; Paclitaxel And Carboplatin
Advanced Lung Cancer,Endobronchial Treatment Modalities
Advanced Malignant Melanoma,Recombinant Interferon Alfa-2A; Rifn-Alpha A
Advanced Mcv Lesions,Cidofovir
Advanced Non -- Small-Cell Lung Cancer,Paclitaxel Plus Carboplatin ( Pc ); Pc; Vc; Vinorelbine Plus Cisplatin ( Vc )
Advanced Non-Small Cell Lung Cancer,Gemcitabine And Carboplatin
Advanced Nonsmall Cell Lung Carcinoma ( Nsclc ),Carboplatin Plus Gemcitabine Followed By Of Paclitaxel; Sequential Chemotherapy
Advanced Nsclc,"Aggressive Chemotherapeutic Combinations; Chemotherapy; Combination Chemotherapy Of Cisplatin , Ifosfamide And Irinotecan With Rhg-Csf Support; Cpt-11 And Cddp"
Advanced Ovarian Cancer,Cisplatin; Cisplatin/Cyclophosphamide; Cyclophosphamide; Oxaliplatin/Cyclophosphamide
Advanced Parkinson 'S Disease,Unilateral Microelectrode-Guided Posteroventral Pallidotomy
Advanced Prostatic Cancer,Orchiectomy Or Oestrogen
Advanced Rectal Cancer,Nerve-Sparing Surgery
Advanced Recurrent Malignant Cns Tumors,Daunorubicin-Containing Liposomes
Advanced Renal Cell Carcinoma,Interferon Alfa-2A; Interferon Alfa-2B; Interferon Alfa-N1; Interferon Alpha Preparations; Interferons
Advanced Sarcomas,Chemotherapy
Advanced Stage ( Tnm Iib-Ivb ) Mycosis Fungoides,"Combination Chemotherapy Program Consisting Of Bleomycin And Methotrexate Weekly , Doxorubicin Every 3 Weeks , And Topical Nitrogen Mustard Daily ( Bam-M )"
Advanced Stage Mycosis Fungoides,"Bam-M; Bleomycin , Doxorubicin , And Methotrexate With Topical Nitrogen Mustard ( Bam-M )"
Aecb,Gemifloxacin
Age-Related Macular Degeneration ( Amd ),External Beam Radiation Therapy
Aids,Lindinavir
Airway Obstruction,Apc
Alkaline Reflux,Total Gastrectomy
Allergic Asthma,Acupuncture
Allergic Diseases,Prolonged Cortisone Therapy
Alzheimer 'S Disease,New Drug Treatment; Tha
Ami,Aspirin; Beta Blockers; Thrombolytic Therapy
Anaerobic Pleuropulmonary Infections,Combination Of Antibiotic Therapy And Surgical Interventions
Anal Cancer,Concomitant Radiotherapy And Chemotherapy; Radiotherapy
Anasarca And Acute Renal Failure,Continuous Arteriovenous Hemofiltration
Anemia Of End-Stage Renal Disease,Androgens
Angina,"Angioplasty; Repeat Angioplasty , Bypass Surgery , Or Medical Therapy"
Anorectal Anomalies,Anal Invasive Treatment
Aom,"Amoxicillin; Amoxicillin , Cefuroxime Axetil , And Ceftriaxone; Systemic Antibiotics"
Aphthous Ulcers,Thalidomide
Apl,Allogeneic Bmt
Arrhythmogenic Right Ventricular Dystrophy,Amiodarone
Arthritis,Celecoxib; Trk-530
Asthma,Chemotherapy; Corticosteroids; Dental Treatment; Drugs; Fluticasone Propionate; Inhaled Fluticasone Propionate; Inhaled Sodium Cromoglycate; Repeated Inhaled Doses Of Fp; Salbutamol; Self-Management; T-Helper Type 2 Cell-Directed Therapy
Asthma And Exercise-Induced Asthma,Salbutamol
Atherosclerosis,Ldl Apheresis
Atopic Dermatitism,Tacrolimus And Ascomycin Derivatives
Atrial Fibrillation,Quinidine Sulphate
Atrophic Gastritis,Lansoprazole
Attention Deficit Hyperactivity Disorder ( Adhd ),Methylphenidate
Atypical Carcinoid ( Ac ),Lung Resection
Autism,Inositol
Autoimmune Bullous Disorders,Hdivig
Autoimmune Hemolytic Anemia,Heparin
Autoimmune Hepatitis,Tj-135
Autoimmune Thrombocytopenic Purpura,Splenectomy
B16 Melanoma,Adenosine Triphosphate; Buthionine Sulfoximine
Baclofen Overdose,Atropine
Bacterial Meningitis,Cephalosporin ( Cefotaxime Or Ceftriaxone ) And Vancomycin; Dexamethasone Therapy; New Vaccines
Bacterium,Combined Therapy
Balding,Medical Treatments
Barotrauma,Ventilation Strategy
Barrett 'S Esophagus,Acid Suppression Therapy
Barrett Esophagus,Argon Plasma Coagulation With Acid Suppression
Benign Prostatic Hyperplasia,Phytogenic Drugs; Surgical Resection
Benign Prostatic Hyperplasia ( Bph ),Pharmacological Treatment
Benign-Phase Cml,Interferon Alfa-2A
Bile Duct Cancer,Curative Pancreaticoduodenectomy
Biliary Dyskinesia,Cholecystectomy
Biliary Dyskinesia Symptoms,Cholecystectomy
Biliary Stenosis,Injection Of Minocycline Hydrochloride
Bipolar Disorder,Lithium Carbonate; Omega3 Fatty Acids; Valproate
Bladder Tumors,Catheter Treatment; Endoscopic Intervention; Laparoscopic Removal; Laparoscopic Treatment; Laser Treatment
Bleeding,Surgical Or Radiological Methods
Bleeding Duodenal Ulcer,Endoscopic Hemostasis
Bone Loss,Dietary Supplementation With Calcium And Vitamin D
Bone Marrow Disease,Ara-C; Fludarabine
Bone Pain,Injection
Bos,Therapy With Extracorporeal Photopheresis
Bos And Concurrent Acute Rejection,Therapy With Extracorporeal Photopheresis
Bph,Pharmacological Treatment
Brain Hemorrhage,Antiplatelet Therapy; Atrial Fibrillation
Brain Metastases From Nsclc,Chemotherapy; Combination Chemotherapy
Brain Serotonin Neurotoxicity,Dexfenfluramine; Fenfluramine
Breast Cancer,High-Dose Chemotherapy With Autologous Hematopoietic Stem-Cell Support; Hormone Replacement Therapy; Standard Versus High-Dose Therapy; Subcutaneous Mastectomy; Systemic Therapy
Breech Presentation At Term,Magnetic-Resonance Pelvimetry
Bronchial Asthma,Non-Steroidal Anti-Inflammatory Therapy
Bronchiectasis,Antibiotics And Surgery; Surgical Therapy
Bronchiectasis And Respiratory Failure,Bilateral Lung Transplantation
Bronchiolitis Obliterans Occurring As A Late Manifestation Of Lupus Erythematosus,Cyclophosphamide Therapy
Bronchogenic Carcinoma,Carinal Plus Lobar Resections; Carinal Pneumonectomies; Carinal Resections; Isolated Carinal Resections; Resection
Bronchogenic Carcinoma Involving The Carina,Carinal Resection
Brugada Syndrome,Isoprenaline
Burn,Therapy
Cancer,Chemotherapy; Gene Therapy; Heat Shock Protein Preparations Derived From Autologous Cancer; Hormone Therapy; Immunotherapy; Matrix Metalloproteinase Inhibitors; Recombinant Human Granulocyte Colony-Stimulating Factor ( Rhg-Csf ); Shark Cartilage; Short-Acting Dihydropyridines; Therapy
Cancer Of The Lung,Radiation Therapy
Cancer Risks,Micronutrients
Cancers,Heat Shock Protein Preparations Derived From Autologous Cancer; Immunotherapy; Oxaliplatin
Carbon Monoxide Poisoning,Hyperbaric Oxygen; Oxygen Therapy
Carcinoma,Esophagectomy
Carcinoma Of The Lung,Curative Surgery
Cardiac Arrest,Bolus Thrombolytic Infusions
Cardiac Defects,Right Thoracotomy
Cardiac Events,Short-Acting Dihydropyridines
Cardiac Insufficiency,Beta-Blockers
Cardiovascular Complications,Dialysis
Cardiovascular Disease,Aspirin Therapy
Cardiovascular Diseases,Calcium Antagonists
Cardiovascular Morbidity And Mortality After Myocardial Infarction,Antiplatelet Therapy With Aspirin And Systematic Anticoagulation With Warfarin
Cardiovascular Mortality And Morbidity,Calcium Antagonists; Diltiazem; Verapamil
Cataract,Pccc; Posterior Optic Capture; Surgery; Surgery With Pc Iol Implantation; Vitrectomy
Cavernous Hemangiomas,Neodymium : Yag Laser
Cbd Stones,Es; Surgical Clearance
Cerebral Infarct,Central Venous Cannulation
Cerebral Metastases From Nonsmall Cell Cancer,Gamma Knife Radiosurgery
Cerebral Palsy,Hyperbaric Oxygen Therapy
Cerebrovascular Disease,Dipyridamole Plus Aspirin
Cgm,Antimicrobial/ Antituberculous Agents
Challenge Orthotopic Tumors,Admil-12 And Admil-12/B7
Childhood Pneumonia,Vaccine
"Chlamydia Trachomatis , Serovar E",Intranasal Immunization
Cholangiocarcinoma,Hepatectomy; Trail
Cholestasis,Inchinko-To ( Tj-135 )
Choroidal Neovascularization,External Beam Radiation Therapy
Choroidal Neovascularization ( Cnv ),External Beam Radiation Therapy
Chronic Anal Fissure,Botulinum Toxin; Nitroglycerin Ointment
Chronic Asthma,Ibdp Therapy
Chronic Bronchitis,Cefdinir; Levofloxacin; Loracarbef
Chronic Hepatitis B,Lamivudine
Chronic Hepatitis B Virus Infection,Combined Interferon And Lamivudine Therapy
Chronic Hepatitis C,Combination Therapy ( Interferon Alfa And Ribavirin ); Combination Therapy With Interferon Alfa And Ribavirin; Combination Therapy With Interferon-Alpha ( Ifn Alpha ) Plus Ribavirin; Interferon-Alpha Monotherapy; Interferon-Antibodies; Ribavirin; Ribavirin/Interferon-Alpha Combination Therapy
Chronic Hepatitis C Resistant To Interferon,Interferon Plus Placebo; Interferon-Alpha Plus Ursodeoxycholic Acid
Chronic Infection With Hepatitis C Virus,Interferon Alpha2B Plus Placebo; Interferon Alpha2B Plus Ribavirin
Chronic Lymphocytic Leukemia,Oral Fludarabine
Chronic Myelogenous Leukemia ( Cml ),Interferons
Chronic Obstructive Pulmonary Disease,Lorazepam
Chronic Renal Failure,Epoetin; Parenteral Nutrition ( Pn ) Solutions; Pn
Chronic Stable Angina Pectoris,External Counterpulsation
Chronic Thromboembolic Pulmonary Hypertension,Surgery
Cisplatin-Induced Cumulative Renal Toxicity,Amifostine; Irradiation Therapy
Cisplatin-Induced Emesis,"Neurokinin 1 Receptor Antagonist Cj-11 , 974"
Clinically Localized Prostate Cancer,Iodine 125 Interstitial Radiotherapy; Radical Prostatectomy
Cmv Retinitis,Intravenous Cidofovir Therapy
Cold Symptoms,Zinc Lozenges
Colds,Antibiotics; Pl Granule; Vitamin C
Colic,Casein Hydrolysate
Colles ' Fractures,Haematoma Block; Intravenous Regional Anaesthesia
Colon Cancer,5-Fu And Low-Dose Isovorin ( F.I )
Colorectal Cancer,Chemotherapy; Docosahexanoic Acid ( Dha ) -Concentrated Fish Oil Capsules; Elective Surgery; Fluoropyrimidine; Hepatic Arterial Chemotherapy; Resection; Surgery; Uft
Colorectal Carcinoma,Video-Assisted Thoracoscopic Surgical ( Vats ) Therapeutic Pulmonary Metastasectomy
Colorectal Metastases,Therapeutic Vats Metastasectomy; Therapeutic Vats Resection
Colorectal Polyps,Dha-Concentrated Fish Oil Capsules_Hlk427554600 ( 2.2 G Of Dha And 0.6 G Of Eicosapentanoic Acid ( Epa ) Per Day )
Common Cold,Acupuncture; Antimicrobials; Pseudoephedrine Plus Acetaminophen; Zinc; Zinc Gluconate Lozenges
Common Cold Infections,Vitamin C
Common Colds,Zinc Lozenges
Common Respiratory Pathogens,Levofloxacin
Community-Acquired Pneumonia,Levofloxacin
Complicated Cancer Of The Large Bowel,Extended Resection
Con A-Induced Hepatitis,Tj-135
Concanavalin A ( Con A ) -Induced Hepatitis,Tj-135
Concanavalin A-Induced Hepatitis,Japanese Herbal Medicine 'Inchinko-To ' ( Tj-135 )
Concomitant Thrombocytosis,Hydroxyurea; Megakaryocyte Inhibitor Anagrelide ( Agrelin )
Confirmed Acute Myocardial Infarction,Bolus Thrombolytic Infusions
Congestion,Nasal Decongestant
Congestive Heart Failure,Diuretic Treatment
Constipation,Cisapride
Coronary Artery Disease,Catheter Treatment; Endoscopic Intervention; Laparoscopic Removal; Laparoscopic Treatment; Laser Treatment
Coronary Dissection And Total Coronary Occlusion,Emergency Coronary Surgery
Coronary Heart Disease,Drug Therapy; Fibric Acid Derivatives; Lipid Therapy
Coronary-Artery Disease,Antichlamydial Antibiotics
Coronary-Artery Thrombi,Accelerated Infusion Of Alteplase ( Tissue Plasminogen Activator )
Cpr,Bolus Thrombolytic Infusions
Crawling Lice,Pediculicide Containing 1 % Permethrin
Crohn 'S Disease,Steroids
Croup,Corticosteroids; Glucocorticoids; Steroid Delivery
Cryptococcal Meningitis,Antiretroviral Therapy
Cytomegalovirus ( Cmv ) Infection,Highly Active Antiretroviral Therapy ( Haart )
Damaged Mucosal Tissues,Ahf
De Quervain 'S Tenosynovitis,Steroids
Decompression Accidents,Single-Place Caisson
Deep Brain Cavernous Malformations,Stereotactic Radiosurgery
Degenerative Diseases Of The Musculoskeletal System,South African Devil 'S Claw ( Harpagophytum Procumbens Dc )
Degenerative Painful Rheumatism,Devil 'S Claw ( Harpagophytum Procumbens )
Depression,Amitriptyline; Medication; Venlafaxine
Depressive Reactions,Physiologic Treatment
Dermatomyositis,Hdivig
Diabetes 2,Classic Oral Antidiabetic Drugs ( Sulfamides And Biguanides ); Intestinal Glycosidases Inhibitors; Thiazolidendiones
Diabetes Mellitus,Aspirin Therapy; Intensive Insulin Treatment; Pyrazinamide
Diabetic Foot Infection,Granulocyte-Colony Stimulating Factor
Diabetic Retinopathy,Danaparoid Sodium
Diarrhea,Antimicrobials
Diastolic Left Ventricular ( Lv ) Dysfunction,Dialysis
Difficult Airways,One-Lung Ventilation
Digital Ring Block,Bupivacaine; Lignocaine
Discrete Parotid Lump,Fine Needle Aspiration Cytology
Disseminated Malignant Melanoma,"Leukocyte A Recombinant Interferon ( Rifn-Alpha A , Roferon-A , Hoffmann La Roche ); Recombinant Leukocyte A Interferon ( Rifn-Alpha A )"
Distant Lesions,Gks
Dog Bite,Antibiotics
Dosage-Dependent Hepatotoxicity,N-Acetylcysteine ( And Some Other Sulfhydryl Donors )
Drug-Induced Hepatitis,Corticosteroids
Drug-Induced Psychosis In Parkinson 'S Disease,Low-Dose Clozapine
Ductal Carcinoma,Breast-Conserving Treatment; Radiotherapy
Dumping Syndrome,Pyloroplasty
Dysphagia And Respiratory Symptoms,Stent Therapy
Early Bos,Extracorporeal Photopheresis
Early Parkinson 'S Disease,"Dopaminergic Therapy; Ropinirole; Ropinirole , A Nonergoline D2-Dopamine Agonist; Ropinirole Monotherapy"
Early Postinfarction Unstable Angina,Coronary Angioplasty
Early-Stage Nsclc,Chemotherapy
Echinococcus Multilocularis,Chemotherapy With Praziquantel
Ectopia Lentis,Surgery
Efferent Phase Of Established Asthma,Augmenting Down-Regulatory Th1 Counterbalancing Mechanisms
Eimeria Infections,Chemotherapy
Eisenmenger 'S Syndrome,Laparoscopic Cholecystectomy
Electrolyte Abnormalities,Pn
Emphysema,Lung Volume Reduction Surgery
Empyema,Thoracoscopy
End-Stage Renal Disease,Continuous Arterio-Venous Hemofiltration; Dialysis
"Endocarditis , Meningitis And Probably Infection In Neutropenic Patients","Combination Of A Cell Wall-Active Antibiotic To Which The Enterococcus Is Susceptible ( Ie , Certain Beta-Lactams Or Vancomycin ) Plus An Aminoglycoside ( Ie , Gentamicin Or Streptomycin )"
Endoluminal Hemoptysis,Apc
Endometrial Hyperplasia,Clomiphene Citrate
Endometriosis,Catheter Treatment; Endoscopic Intervention; Laparoscopic Removal; Laparoscopic Treatment; Laser Treatment
Epidermal Damage,Tocopherol
Epidermolysis Bullosa Acquisita,Hdivig
Epilepsy,Methylphenidate
Episodic Tension-Type Headache,Spinal Manipulation
Epithelial Ovarian Cancer,Chemotherapy; High-Dose Chemotherapy With Autologous Stem-Cell Support
Erythema,Indomethacin
Esophageal Achalasia,Botulinum Toxin Injection; Laparoscopic Myotomy; Pneumatic Dilation
Esophageal And Tracheobronchial Stenoses,Stent; Stents
Esophageal Cancer Involving The Tracheobronchus,Covered Metallic Stent
Esophageal Stenoses,Metallic Stents
Esophagorespiratory Fistulas,Covered-Ems
Essential Hypertension,"Endothelin-Receptor Antagonist , Bosentan; Moxonidine"
Essential Thrombocytosis,Hydroxyurea Therapy
Exercise-Induced Asthma,Salmeterol Treatment
Extensive Burns,Reconstructive Surgery
Extensive-Disease Small-Cell Lung Cancer,Irinotecan And Cisplatin Combination; Irinotecan In Combination With Cisplatin ( Platinol )
Extra-Thoracic Micrometastases,Intensive Chemotherapy
Extrahepatic Bile Duct Carcinomas,Resection
Extrathoracic Metastases ( Oligometastases ),Chemotherapy Of Supportive Care; Resection Of Their Metastases And The Primary Site; Surgery
Extratunical Haematomata,Fine Needle Aspiration
Failed Silicone Implant Arthroplasty,Arthrodesis Of The First Metatarsophalangeal Joint
Failing Liver,Liver-Assist Devices
Fap,Dha-Concentrated Fish Oil Capsules_Hlk427554600 ( 2.2 G Of Dha And 0.6 G Of Eicosapentanoic Acid ( Epa ) Per Day )
Fatal Acute Haemolysis,Lindinavir
Female Stress Urinary Incontinence,Surgical Management; Surgical Procedures; Surgical Treatment
Flu-Like Symptoms,Low-Dose Steroids
Foot Infection In Diabetic Patients,G-Csf Treatment
Foot-And-Mouth Disease,All-D Retro Peptide
Forehead Soft Tissue Mass,Endoscopic Removal
Frontal Dysfunction,Tha
Fulminant Reactivated Hbv Infection,Chemotherapy
Fulminant Reactivated Hepatitis B Infection,Intensive Therapy; Lamivudine
Fungal Infections,"Two Triazole Antifungal Agents , Fluconazole And Itraconazole"
Gallstones,Interventional Radiologic Procedures; Percutaneous Cholecystostomy And Gallstone Removal
Gastric Cancer,Billroth Ii Subtotal Gastrectomy
Gastric Cancer Or Peptic Ulcer,Gastrectomy
Gastroduodenal Ulcer,Partial Gastrectomy With Roux-En-Y Gastrojejunostomy
Gastroesophageal And Duodenogastric Reflux,Cholecystectomy
Gastrointestinal Bleedings,Short-Acting Dihydropyridines
Gastrointestinal Tumours,Elective Surgery
Genital Hsv-2 Infection,Recombinant Glycoprotein Vaccine
Gh-Producing Tumors,Peri- And Postoperative Management
Glaucoma,Brimonidine Tartrate; Timolol
Gleason Grade Prostate Carcinoma,45-Gray External Beam Irradiation; Transperineal Sonography-Guided Iodine-125 Brachytherapy
Groin Hernia,Surgery
Growth Hormone ( Gh ) Deficiency,Gh Therapy
Gunshot Wounds To The Abdomen,Exploratory Celiotomy
Habitual Shoulder Dislocation,Surgical Treatment
"Haematological , Renal And Neurological Toxicities",Amifostine
Haemophilus Influenzae Meningitis,Protein-Conjugated H. Influenzae Vaccines
Haemophilus Influenzae Type B,Conjugated Vaccine; Vaccine; Vaccines
Hairy Cell Leukemia,Antileukemic Therapy
Hbv,Chemotherapy Treatment; Lamivudine
Head And Neck Cancer,Amifostine; Irradiation Therapy; Radiation Therapy
Head Lice,1 % Permethrin; Permethrin And Malathion
Hearing And Receptive Language Disorders,Ecmo
Hearing Loss,Ecmo
Heart Disease,Folate
Heart Failure,Beta-Blockade Therapy
Heart Failure And Chronic Atrial Fibrillation,Atrioventricular Junction Ablation And Vvir Pacemaker; Pharmacological Treatment
Heartburn And Regurgitation,Pharmaceutically Combined With Life Style Counselling
Helicobacter Pylori Infection,Antibiotic Treatment
Hemangiomas,Nd : Yag Laser Treatment
Hemolytic Aggravation,Washed Red Blood Cells Transfusion
Hemolytic Crisis,Washed Red Blood Cells
Hemorrhage,Microcoil Embolization
Hemorrhagic Stroke,Alteplase
Henoch-Schãƒâ¶Nlein Purpura,Endoscopic Hemostasis
Hepatic Metastases,Chemotherapy; Resection
Hepatic Neoplasms,Mr-Guided Rfa Using Single Cooled Tip Electrodes
Hepatitis A And B,Twinrix; Vaccine
Hepatitis A Virus,Immunization
Hepatitis A Virus ( Hav ),Immunoadhesin Containing The Cysteine-Rich Region Of Hav Cellular Receptor-1
Hepatitis Accompanying Cholestasis,Tj-135
Hepatitis B,Dna Vaccine; Interferon; Vaccine
Hepatitis C,Interferon Treatment
Hepatitis C Viremia,Ribavirin; Ribavirin In Combination With Ifn Alpha
Hepato-Biliary Dysfunction And Digestive Complaints,Artichoke Extracts ( Cynara Scolymus L. )
Hereditary Phaeochromocytoma,Adrenal-Sparing Surgery
Hib,Vaccine
Hiccups,Nerve Stimulator
High-Grade Non-Hodgkin 'S Lymphoma,Intensive Therapy; Lamivudine
Hirshsprung 'S Disease,Anal Invasive Treatment
Hiv,Antiretroviral Agents
Hiv Infection,Condoms; Nonoxynol-9; Thalidomide
Hiv-1,Antiretroviral Therapy ( Haart )
Hiv-1 Infection,Antiretroviral Treatment
Hodgkin 'S Disease,Abvd; Interferon-Alpha-2B; Mopp/Abv
Horizontal Deviations In Seven Cases Of Sixth Nerve Palsy And Three Cases Of Third Nerve Palsy,Supramaximal Medial And Lateral Rectus Surgery
Human Cholangiocarcinoma,Trail
Human Colorectal Cancer,N-3 Polyunsaturated Fatty Acids
Human Retinoblastoma,Gene Therapy
Hydatid Cysts,Percutaneous Drainage
Hydatid Disease,Thoracic Surgery
Hydrocele And Cysts Of The Epididymis,Sclerosing Injections Of Quinine And Urea Chlorhydrolactate
Hyperammonemia,Chemotherapy; Lung Transplantation; Organ Transplantation
Hypercholesterolaemia,Fluvastatin
Hyperopia,Excimer Laser Assisted In Situ Keratomileusis
Hypersplenism,Splenectomy
Hypertension,Ascorbic Acid; Calcium Antagonists; Moxonidine
Hyperthyroid Patients,Iodine I-131
Hypertrophic Obstructive Cardiomyopathy,Echocardiography-Guided Ethanol Septal Reduction
Hypertrophic Obstructive Cardiomyopathy ( Idiopathic Hypertrophic Subaortic Stenosis ),Surgery
Hyponatremia,Venlafaxine
Hypophosphatemia,Pn
Hypoplasia,Corrective Surgery
Idiopathic Constipation,Cisapride
Idiopathic Membranous Nephropathy,Azathioprine And Prednisolone
Idiopathic Thrombopenic Purpura,Intravenous Immunoglobulin
Ileocolic Anastomosis,Ranitidin
Ileocolonic Anastomotic Recurrence In Crohn 'S Disease,Surgical Management
Immune Deficiency,Recombinant Interferon Alfa-2A
Incontinence,Anal Invasive Treatment
Infant Rsv Bronchiolitis,Inhaled Corticosteroid Treatment
Infection,"Antibiotics; Antimicrobial Treatment; Antiseptic Mouthwashes; Omeprazole , Amoxicillin , And Clarithromycin"
Infection With Echinococcus Multilocularis,Anthelminthic Treatment; Praziquantel
Infection With H. Pylori,"Combination Of Omeprazole , Amoxicillin , And Clarithromycin"
Infection With Listeria Monocytogenes,Ampicillin
Infections Associated With Gangrenous And Perforated Appendicitis,Imipenem/Cilistatin; Ticarcillin/Clavulanate
Infectious Mononucleosis,Corticosteroid Therapy
Infertility,Donor Insemination; Intrauterine Insemination
Inflammation,Injection
"Inflammation Of The Oral Mucosa , Blenorrhea , Asthmatic Bronchitis And Nasal Congestion",Sida Cordifolia L. ( Malvaceae )
Inflammatory And Autoimmune Diseases,High-Dose Intravenous Immunoglobulin ( Hdivig )
Inflammatory Nonspecific Alveolar Lesions Suggestive Of Bronchiolitis Obliterans Organizing Pneumonia,Oral Corticosteroids
Inflammatory Reactions,Antiretroviral Therapy ( Haart )
Inflammatory Skin Diseases,Topical Corticosteroids
Influenza,Antiviral Agents; Conjugate Pneumococcal Vaccine; Immunizations; Vaccination; Vaccine; Zanamivir
Influenza A Virus,"Intravenous Injection Of Pb2-As , As A Complex With Dmrie-C , A Cationic Liposome"
Influenza Disease,Vaccination
Influenza Flu,Zanamivir
Influenza Prevention And Treatment,Amantadine; Oseltamivir; Rimantadine; Zanamivir
Influenza-Associated Acute Encephalopathy,Combination Of Mild Hypothermia And Steroid Pulse Therapy
Infratentorial Malformations,Microsurgical Treatment
Inoperable Advanced Malignancies Such As Colorectal Cancer,Leucovorin Or Cisplatin; Uft
Inoperably Disseminated Renal Carcinoma And Lung Metastases,Immunotherapy
Interstitial Pregnancy,Laparoscopic Cornuostomy
Intraabdominal Infections,Ampicillin-Sulbactam; Cefoxitin
Intracranial Hemorrhage,Double-Bolus Method
"Intractable , Nonmalignant Pain",Chronic Intrathecal Morphine
Intractable Rheumatoid Arthritis,"Antilymphocyte Globulin ( Alg ) , Prednisolone And A Cytotoxic Agent , Usually Azathioprine"
Intractable Seizures,Ketogenic Diet
Intraluminal Early-Stage Cancer,"Photodynamic Therapy , Nd-Yag Laser And Electrocautery"
Intrathoracic Relapse And Severe Obstruction Of Main Bronchus And/Or Superior Caval Vein,Radiotherapy
Invasive Disease,Vaccine
Invasive Disease Caused By Seven Streptococcus Pneumoniae Serotypes,Vaccine
Invasive Pneumococcal Diseases,Protein-Polysaccharide Conjugate Vaccine
Iodixanol,Abdominal Angiography
Irritable Bowel Syndrome,Chinese Herbal Medicine
Ischemic Heart Disease,Aortocoronary Bypass Grafting; Dobutamine
Isoniazid-Rifampicin Susceptible Tuberculosis,Pyrazinamide
Jaw Clenching,Gamma Knife Treatment
Kaposi 'S Sarcoma,Recombinant Interferon Alfa-2A
Kidney Failure In Type I Diabetic Patients,Combined Pancreas-/Kidney Transplantation
Ks,Highly Active Antiretroviral Therapy ( Haart )
Kwashiorkor,Fish Protein Concentrates
Labor,Intrathecal Sufentanil
Lactose Intolerance,Lactobacillus Acidophilus Bg2Fo4
Large Cell Neuroendocrine Carcinoma ( Lcnec ),Lung Resection
Large Meningomyelocele,Corrective Surgery
Large Midline Incisional Hernias,Autologous Repair
Large-Bowel Cancer,Oral Lv; Oral Uft
Lateral Epicondylitis,Steroids
Laugier-Hunziker Syndrome,Q-Switched Nd-Yag Laser
Ld Sclc,Pci
Left Cardiac Herniation,Intrapericardial Pulmonectomy
Lens Dislocation,Extraction
Lesion,Video-Assisted Thoracoscopic Surgery
Limb Aplasia,Corrective Surgery
Limited Disease Small-Cell Lung Cancer ( Ld Sclc ),Prophylactic Cranial Irradiation ( Pci )
Limited Small Cell Lung Cancer,Etoposide-Ifosfamide-Cisplatin And Concurrent Thoracic Irradiation
Limited Stage Small Cell Lung Cancer,Vip Combination Chemotherapy And Early Concurrent Thoracic Irradiation
Limited Staged Small Cell Lung Cancer,Addition Of Thoracic Irradiation To Combination Chemotherapy
Limited-Stage Small-Cell Carcinoma Of The Lung,Combined-Modality Therapy
Locally Advanced And Metastatic Non-Small-Cell Lung Cancer ( Nsclc ),Noncisplatin Combination Of Paclitaxel Plus Gemcitabine
Locally Advanced Non-Small-Cell Lung Cancer ( La-Nsclc ),Combined-Modality Therapy ( Cmt ; Chemotherapy And Radiotherapy )
Locally Advanced Squamous Cell Carcinoma Of The Head And Neck ( Scchn ),Cisplatin; Docetaxel; Fluorouracil ( 5-Fu ); Leucovorin ( Tpfl5 ) Induction Chemotherapy
Longitudinal Melanonychia,Hydroxyurea Therapy
Loss Of Appetite,Artichoke Extracts ( Cynara Scolymus L. )
Louse,1 % Permethrin Treatment
Low-Grade Nhl,Cytotoxic Agents; High-Dose Radiation; High-Dose Therapy With Stem Cell Transplant; Mabs
Low-Grade Non-Hodgkin 'S Lymphoma,Interferon Alpha; Recombinant Interferon Alpha
Low-Grade Non-Hodgkin 'S Lymphomas,Cytotoxic Drugs; Interferon
Low-Grade Or Transformed Low-Grade Nhl,Chemotherapy; Monoclonal Antibodies ( Mabs )
Lower Respiratory Tract Infection,Amoxicillin/Clavulanate
Lung Cancer,Amifostine; Chemotherapy And/Or Thoracic Radiotherapy; Cisplatin-Based Regimens; En-Bloc Resection; Endobronchial Interventions; Endobronchial Treatment Modalities That Can Augment Standard Antitumor Therapies; Lobectomy Or Pneumonectomy; Minimally Invasive Direct Coronary Artery Bypass And Left Lower Lobectomy With Video-Endoscopic Assistance; Mitomycin C; Radiation Therapy; Thoracic Irradiation
Lung Carcinoma,"Chemopreventive Agents; Ninjin Yoei To ( Nyt ; Ren-Shen-Yang-Rong-Tang In Chinese Medicine ; Kotaro Pharmaceutical Co. , Ltd. , Osaka , Japan ) , One Of The Traditional Herbal Medicines; Nyt; Open Thoracotomy; Videothoracoscopic Lobectomy Or Partial Resection Of The Lung; Videothoracoscopic Procedures"
Lung Hydatid Disease,Surgical Treatment
Lung Lacerations And Major Bronchial Disruptions,Surgical Treatment
Lung Metastasis,Liposomal Mdp-Lys
Lung Or Peritoneal Tumors,Subcutaneous Injection Of Irradiated Llc-Il2
Lung Tumors,Intraperitoneal Injection Of Irradiated Llc-Il2
Lymph Node And Peritoneum Metastases,Chronochemotherapy
Lymphedema,Pneumatic Compression Pumps
Lymphoma,Paclitaxel
Macrosomic Infants In Gestational Diabetes Cases,Good Glycemic Control
Major Pulmonary Embolism,Thrombolysis; Thrombolytic Treatment
Malformations Of The Bones Of The Foot,Surgical Correction
Malignancy,Chemotherapy; Nyt; Radiation
Malignant Brain Tumors,Gene Therapy
Malignant Hyperpyrexic Syndrome,Dantrolene Sodium
Malignant Melanoma,Interferon Alfa-2A
Malignant Mesodermal Mixed Tumor,Irradiation
Malignant Pleural Effusions,"Combination Chemotherapy Of Cisplatin , Ifosfamide , And Irinotecan With Recombinant Human Granulocyte Colony-Stimulating Factor Support; Pleuroperitoneal Shunting; Thoracentesis Or Tube Drainage"
Malignant Pleural Effusions From Nsclc,Combination Chemotherapy; Systemic Chemotherapy
Malignant Pleural Mesothelioma,"Thoracotomy , Radiotherapy , And Chemotherapy"
Malignant Tumors Such As Non-Small Cell Lung Cancer,Adjuvant Therapy; Oral Administration Of Uft
Massive Hemorrhage Caused By Spontaneous Rupture Of Liver Metastasis,Transcatheter Arterial Embolization ( Tae )
Mastitis,Modified Bra
Mcv,Cidofovir; Cidofovir 'S; Cidofovir Therapy; Intravenous Cidofovir Therapy
Mcv Lesions,Cidofovir 'S; Intravenous Cidofovir Therapy
Mdr Tb,Tp
Measles,Vaccination
Mediastinal Teratomas,Chemotherapy
Melanoma,Cell-Based Vaccination
Meningococcaemia,Early Replacement Therapy With Protein-C Concentrate Together With Continuous Veno-Venous Haemodiafiltration
Meningococcus-Induced Purpura Fulminans,"Protein-C Concentrate , Heparin , And Haemodiafiltration"
Merkel Cell Carcinoma,Clinical Management
Mesenteric Venous Thrombosis,Intraarterial Lytic Therapy
Metastasis,"Exploratory Interventions , Partial Tumor Resections And Lung Resections"
Metastatic Breast Cancer,Doxorubicin-Containing Chemotherapy
Metastatic Colorectal Cancer,Fluorouracil; Intravenous Oxaliplatin; Irinotecan; Oxaliplatin In Combination With Fluorouracil/Folinic Acid
Metastatic Dysgerminoma,Chemotherapy
Metastatic Dysgerminoma Of The Ovary,"A Combination Of Etoposide , Bleomycin , And Cisplatin"
Metastatic Malignant Germ Cell Tumors,Cisplatin-Based Combination Chemotherapy
Metastatic Melanoma,Immunochemotherapeutic Regimen Consisting Of Interferon-Alpha2B And Interleukin-2 In Combination With Fotemustine
Metastatic Nets,Octreotide Lar
Metastatic Neuroendocrine Tumors ( Nets ),I.M . Lanreotide; I.M . Octreotide Acetate ( Octreotide Lar )
Metastatic Renal Cell Carcinoma,Interferons Beta And Gamma
Metastatic Transitional Cell Carcinoma Of The Bladder And Renal Failure,Systemic Chemotherapy With Paclitaxel And Carboplatin
Microalbuminuria,Angiotensin-Converting Enzyme Inhibitors; Glycemic Control
Micrometastases,Chemotherapy
Micrometastatic Disease,Chemotherapy
Mid Shaft And Penoscrotal Hypospadias,Tubularized Incised Plate Urethroplasty
Midline Incisional Hernias,Sliding Door Technique
Migraine,5Ht1B/1D Agonist Avitriptan; Serotonin Agonists; Sumatriptan
Mild Asthma And Exercise-Induced Bronchoconstriction,"Montelukast , A Leukotriene-Receptor Antagonist ,"
Mild To Moderate Partial Epilepsies,Vigabatrin ( Sabril )
Mild To Moderate Rheumatic Complaints,"Fixed Phytogenic Combination Trembling Poplar ( Populus Tremula ) , True Goldenrod ( Solidago Virgaurea ) And Ash ( Fraxinus Excelsior )"
Mild-To-Moderate Asthma,Inhaled Fluticasone Propionate ( Fp )
Miliary Tuberculosis,Antituberculous Drugs
Mitomycin-Resistant Bladder Cancer,Photodynamic Therapy In Combination With Mitomycin C
Mixed Large-Small Cell Neuroendocrine Carcinoma ( Lsnec ),Lung Resection
Mortality Related To Pregnancy,Beta Carotene; Vitamin A
Mouse Leukemia L1210,"Hyperbaric Oxygen , Whole-Body X Irradiation , And Cyclophosphamide Combination Therapy"
Mouse-Adopted Strain Of Influenza A2 ( H2N2 ) Virus,Gingyo-San
Mouse-Adopted Strain Of Influenza A2 Virus,Gingyo-San
Mplc,An Aggressive Surgical Approach
Mrcc,Il-2
Mucin-Producing Intrahepatic Cholangiocarcinoma,Cholangioscopy; Percutaneous Transhepatic Biliary Drainage
Multidrug Resistant Tb,Therapeutic Pneumothorax ( Tp )
Multiple Cerebral Metastases,Gamma Knife Radiosurgery ( Gks ); Whole-Brain Radiation Therapy ( Wbrt )
Multiple Myeloma,`` Tandem '' High-Dose Chemoradiotherapy With Autologous Stem-Cell Support
Multiple Sclerosis,Glatiramer Acetate ( Copaxone ); Interferon Beta Treatment; Intravenous Immunoglobulin Treatment; Pulsing Magnetic Field
Muscle Fiber Necrosis,Pralidoxime
Muscle Tightness,Ems; Ens
Mycoplasma Agalactiae,Vaccination
Myelodysplastic Syndrome,Amifostine
Myocardial Angiogenesis,Gene Therapy
Myocardial Infarction,1 Mg Warfarin With 80 Mg Aspirin; 160 Mg Aspirin; 3 Mg Warfarin With 80 Mg Aspirin; Aspirin Monotherapy; Bisoprolol; Vascular Surgery; Warfarin ( 1 Mg Or 3 Mg ) Combined With Low-Dose Aspirin ( 80 Mg ); Warfarin With Aspirin
Myofascial Trigger Point Pain,Ems; Ens
Myofascial Trigger Points,Electrical Muscle Stimulation; Electrical Nerve Stimulation
Myofascial Trigger Points Of Upper Trapezius Muscle,Electrotherapy
N 2 Nsclc,Complete Surgical Resection; Surgery
N2 Tumors,Postoperative Irradiation
Nasal Influenza,Vaccine
Nausea,Artichoke Extracts ( Cynara Scolymus L. )
Neoplasm,Interferon Alfa-2A
Neoplastic Disorders,"Recombinant Human Interferon Alfa-2A ( Roferon-A , Hoffmann-La Roche , Nutley , Nj )"
Neuroblastoma Xenografts,Topotecan
Neuroendocrine Neoplasms,Lung Resection
Neuroendocrine Neoplasms Of The Lung,Surgical Therapy
Neuroendocrine Tumors Of The Lung,Surgery
Neurologic Disease,I.V . Immunoglobulin Therapy
Neuromuscular Blockade,Neostigmine Or Edrophonium
Neutropenia,Amifostine; Antimicrobial Therapy; Chemotherapy; Irradiation Therapy; Recombinant Human Granulocyte Colony-Stimulating Factor ( Rhg-Csf )
Newly Diagnosed Hodgkin 'S Disease ( Hd ),"Standard Abvd Chemotherapy ( Doxorubicin , Bleomycin , Vinblastine , Dacarbazine )"
Nhl,Cytotoxic Agents; Radiolabeled Mabs
Node-Positive Breast Cancer,"Cyclophosphamide , Methotrexate , And Fluorouracil; Intensive Cyclophosphamide , Epirubicin , And Fluorouracil Chemotherapy"
Non Small Cell Lung Cancer ( Nsclc ),Surgical Management
Non-Bulky Metastatic Seminoma,Carboplatin And Ifosfamide
Non-Functioning Endocrine Pancreatic Tumor With Progressive Liver And Lymph Node Metastases,I.M . Lanreotide Therapy
Non-Hodgkin 'S Lymphoma,Chemotherapy Alone; Chemotherapy Plus Radiotherapy; Conventional Treatments
"Non-Hodgkin 'S Lymphoma , Breast Cancer , Mesothelioma And Non-Small Cell Lung Cancer",Oxaliplatin
Non-Hodgkin Lymphomas,Low-Dose Irradiation; Radiotherapy
Non-Obstructive Azoospermia,Open Biopsy And Testicular Sperm Extraction ( Tese ); Testicular Sperm Extraction By Open Biopsy; Testicular Sperm Retrieval By Percutaneous Fine Needle Sperm Aspiration; Testicular Sperm Retrieval By Testicular Fine Needle Aspiration ( Tefna )
Non-Q-Wave Coronary Syndromes,Roxithromycin
Non-Q-Wave Myocardial Infarction,Roxithromycin
Non-Seminomatous Germ-Cell Tumors,Chemotherapy
Non-Small Cell Lung Cancer,Gemcitabine; Mitoxantrone; Paclitaxel And Carboplatin; Postoperative Irradiation
Non-Small Cell Lung Cancer ( Nsclc ),Chemotherapy; Post-Operative Radiotherapy ( Rt ); Radical En-Bloc Resection; Surgery; Surgical Resection; Surgical Staging
Non-Small-Cell Lung Cancer,Chemotherapy Of Supportive Care; Neoadjuvant Chemotherapy; Resection Of Their Metastases And The Primary Site; Surgery; Surgical Resection
Non-Small-Cell Lung Cancer ( Nsclc ),Irinotecan ( Cpt-11 ) And Cisplatin ( Cddp ); Radiotherapy ( Rt )
Non-Small-Cell-Lung-Cancer ( Nsclc ),Cisplatin And Radiotherapy
Noncirrhotic Portal Hypertension,Transabdominal Extensive Esophagogastric Devascularization With Gastroesophageal Stapling
Noninsulin-Dependent Diabetes Mellitus,Troglitazone
Nonvertebral Fractures,Dietary Supplementation With Calcium And Vitamin D
Normal-Tension Glaucoma,Intraocular Pressure Reduction
Nsaid-Induced Proteinuria,Steroid Therapy
Nsclc,"Chemo- And Radiotherapy; Combination Chemotherapy Of Cisplatin , Ifosfamide , And Irinotecan With Recombinant Human Granulocyte Colony-Stimulating Factor Support; Combined Modality Treatment; Docetaxel; Gemcitabine; Irinotecan; Paclitaxel; Planned Sequential Chemotherapy; Platinum-Based Chemotherapy; Pulmonary Resection; Radiotherapy; Surgical Treatment; Vinorelbine"
Nsclc ( Stage Iiib ),Chemo- And Radiotherapy; Radiotherapy; Surgical Treatment
Nsclcm,Cisplatin And Radiotherapy
Obesity,Dexfenfluramine Hydrochloride
Odontogenic Infections,Antimicrobial Treatment
Opacification,Optic Capture; Vitrectomy
Open-Bite,Thera-Spoon
Opioid Dependence,Detoxification; Methadone Maintenance
Opportunistic Infection,Recombinant Interferon Alfa-2A
Orthotopic Tumor,Adenovirus-Mediated Interleukin 12 ( Il-12 ) Gene Therapy
Osseous Metastasis,Combination Chemotherapy
Osteoarthritis,Intra-Articular Hyaluronan Injections
Osteogenic Sarcoma,Antibodies; T12 Protocol
Osteomalacia,Fluoride
Osteosarcoma Of The Extremities,Neoadjuvant Chemotherapy
Otitis Media,Vaccine
Outpatient Depression,Fluoxetine; Venlafaxine
Ovarian Cancer,Cisplatin; Cisplatin And Paclitaxel; Paclitaxel
Ovarian Cysts,Catheter Treatment; Endoscopic Intervention; Laparoscopic Removal; Laparoscopic Treatment; Laser Treatment
Oxidative Myocardial Damage And Nitric Oxide,Normoxic Cardiopulmonary Bypass
Pain,Tpvb
Pancreatic Fluid Collections,Transmural Drainage
Pancreatitis,Administration Of Clear Fluids
Panic Disorder And Depression,Clomipramine
Paracolostomy Hernias,Mesh Repair
Paraphilia,Analogue Of Gonadotropin-Releasing Hormone
Parkinson 'S Disease,"Dopamine Agonist; Levodopa; Microelectrode-Guided Posteroventral Pallidotomy; Tolcapone , A Catechol-O-Methyltransferase Inhibitor"
Partial Seizures,Lamotrigine ( Ltg ); Lamotrigine Monotherapy; Ltg
Pathologic Stage I Non-Small Cell Lung Cancer,"Uft , A 5-Fluorouracil Derivative Chemotherapeutic Agent"
Pediatric Defecatory Disorders,Surgical Approaches
Pemphigoid,Hdivig
Pemphigus,Hdivig
Penoscrotal Hypospadias,Tubularized Incised Plate Surgery
Peptic Ulceration,Surgery
Perioperative Mortality,Bisoprolol; Vascular Surgery
Peripheral Arterial Occlusive Disease,Chelation Therapy
Peripheral Colorectal Pulmonary Metastases,Therapeutic Metastasectomy
Peripheral Vascular Disease,Antiplatelet Drugs
Peritoneal Dialysis,Automated Night-Time Dialysis ( Apd ); Continuous Ambulatory Peritoneal Dialysis ( Capd )
Peritoneal Tumors,Intrapleural Injection Of Irradiated Llc-Il2
Persistent Asthma,Fluticasone Propionate; Inhaled Corticosteroids
Persistent Disease,Inhaled Corticosteroid Therapy
Persistent Neonatal Hyperinsulinaemic Hypoglycaemia,Pancreatectomy
Persistent Severe Regurgitation,Surgical Treatment
"Pertussis , Measles , Rubella And Mumps",Vaccines
Phaeochromocytoma,Adrenal-Sparing Surgery; Adrenalectomy
Phrenic Nerve Block,Nerve Stimulator
Platinum-Pretreated Ovarian Cancer,Oxaliplatin
Pleuritic Pain,Other Blocks Such As Interpleural And Epidural; The Paravertebral Block
Pm,Induction Chemotherapy; Wli
Pneumococcal,Vaccine
Pneumococcal Meningitis And Bacteremic Pneumonia,Heptavalent Pneumococcal Conjugate Vaccine
Pneumococcus,Conjugated Vaccine; Vaccine
Pneumocystis Carinii Pneumonia,Trimethoprim-Sulfamethoxazole
Pneumonia,Bacterial Vaccine; Levofloxacin Versus Intravenous Ceftriaxone And Amoxicillin/Clavulanate
Pneumonitis And Oesophagitis,Amifostine; Thoracic Irradiation
Polio,Vaccination; Vaccine
Poliomyelitis,Vaccines
Poliovirus,Vaccines
Pompholyx ( Vesicular Eczema ),I.V . Immunoglobulin Therapy
Poor-Prognosis Aml Of Childhood,"Ida-Flag ( Idarubicin , Fludarabine , Cytarabine , G-Csf ); Remission-Induction Therapy"
Post-Haemorrhoidectomy Bleeding,A Foley Catheter And A Pack
Posterior Capsule Opacification,Posterior Chamber Intraocular Lenses ( Pc Iols )
Postoperative Alkaline Gastric Reflux,Roux-En-Y Gastrojejunostomy
Postoperative Alkaline Reflux Gastritis,Surgery
Postoperative Analgesia,Epidural Neostigmine Coadministered With Lidocaine
Postoperative Fibrinoid Syndrome,Recombinant Prourokinase
Postoperative Ileus,Homeopathy
Postoperative Pain Control After Laminectomy,Morphine Nerve Paste
Postoperative Pain Relief,Epidural Fentanyl ( F ); Sufentanil ( S )
Postoperative Peritonitis,Intubation And Continuous Intraluminal Irrigation
Postoperative Voiding Dysfunction,Retropubic Suspensions; Sling Procedures
Postpneumonic Empyema,Surgical Treatment
Postvitrectomy Diabetic Vitreous Hemorrhage,Peripheral Retinal Cryotherapy
Pph,Fenfluramines
Pre-Established Metastases In A Preclinical Prostate Cancer Model,Adenovirus-Mediated Interleukin 12 ( Il-12 ) Gene Therapy
Pre-Existing Llc Peritoneal Tumors,Intraperitoneal Injection Of Irradiated Llc-Il2
Pre-Existing Lung Llc Tumors,Intrapleural Injection Of Irradiated Llc-Il2
Preeclampsia,Donor Insemination; Intrauterine Insemination; Intrauterine Insemination With Donor Versus Partner Sperm; Partner Insemination
"Pressure , Tightness , And/Or Pain",5Ht1B/1D Agonist Avitriptan; Sumatriptan
Pressure Ulcers,Pressure-Reducing Support Surfaces
Primary Head And Neck Tumor,Ommaya Placement
Primary Infertility,Intrauterine Insemination With Donor Versus Partner Sperm
Primary Lung Cancer,Complete Pulmonary Resection; Intrapericardial Pulmonectomy; Resection
Primary Or Metastatic Mediastinal Germ Cell Tumors,Chemotherapy
Primary Pulmonary Hypertension,Dexfenfluramine; Fenfluramine
Primary Pulmonary Hypertension ( Pph ),Fenfluramines
Primary Sclerosing Cholangitis ( Psc ),Oral Budesonide
Primary Ulcer Surgery,Partial Gastrectomy; Roux-En-Y Reconstruction
Primary Uveal Melanoma,Transpupillary Thermotherapy
Prior Myocardial Infarction,Aspirin
Profound Neuromuscular Blockade,Neostigmine 0.07 Mg Kg-1 And Edrophonium
Progressive Multifocal Leukoencephalopathy,Oral Fludarabine
Prostate Cancer,Flutamide Plus Castration; Neoadjuvant Androgen Deprivation Therapy; Radical Prostatectomy
Proteinuria,Dexamethasone
Proximal Hypospadias,Tubularized Incised Plate Hypospadias Repair; Tubularized Incised Plate Urethroplastym
Proximal Hypospadias Defects,Tubularized Incised Plate Urethroplasty
Psoriasis,"1 Alpha , 24 ( Oh ) 2D3; Active Metabolites Of Vitamin D3; Active Vitamin D3 Analogue , 1 Alpha , 24-Dihydroxycholecalciferol; Colchicine"
Psoriasis Vulgaris,"Active Forms Of Vitamin D3 , 1 Alpha-Hydroxyvitamin D3 And 1 Alpha , 25-Dihydroxyvitamin D3"
Psychotic Episode In Schizophrenics,Antipsychotic Medication
Pulmonary Aspergilloma,Aggressive Pulmonary Resection; Operations
Pulmonary Disorders,N-Acetylcysteine ( Nac ) And Ambroxol ( Amb )
Pulmonary Embolism,Heparin; Low-Molecular-Weight Heparin
Pulmonary Hypertension,Fenfluramine-Phentermine Therapy; Lung Transplantation; Pulmonary Angiography
Pulmonary Hypoplasia,Amnioinfusion
Pulmonary Metastases ( Pm ) Of Ewing Sarcoma Family Tumors ( Esft ),Whole-Lung Irradiation ( Wli )
Pulmonary Symptoms,Chemotherapy
Pulmonary Tuberculosis,Thoracoscopic Surgery
Pulseless Ventricular Tachycardia,Cpr; Tissue Plasminogen Activator
Ra,Steroid Therapy
Radiation-Induced Mucositis,Radiation Therapy
Radiation-Induced Myelopathy,Enoxaparin; Heparin; Heparin And/Or Enoxaparin
Radiation-Induced Spinal Cord Injury,Anticoagulant Therapy
Raom,Conjugate Pneumococcal Vaccine; Vaccine
Recalcitrant Molluscum Contagiosum Virus Lesions,Cidofovir
Rectal Adenocarcinoma,Preoperative Radiotherapy; Surgery
Rectal Prolapse,Surgery
Recurrent Adenocarcinoma Of The Cervix,Paclitaxel
Recurrent Anterior Dislocation Of The Shoulder,Open Capsulorrhaphy With Suture Anchors
Recurrent Cervical Adenocarcinoma,Paclitaxel
Recurrent Corneal Erosions,Phototherapeutic Keratectomy
Recurrent Non-Small-Cell Lung Carcinoma,"Combination Of Txt , Gem And Cddp"
Recurrent Pericarditis,Colchicine
Recurrent Spontaneous Abortion,Intravenous Immune Globulin
Recurrent Ulcer,Partial Gastrectomy; Roux-En-Y Reconstruction
Reduced Bone Density,Chemotherapy
Refractory Aom,"Amoxicillin , Trimethoprim/Sulfamethoxazole ( Tmp/Smx ) , Or High-Dose Amoxicillin/Clavulanate ( Depending On The Prior Dose Of And Adherence To Amoxicillin Therapy ) , And Ceftriaxone Or Tympanocentesis"
Refractory Arrest Rhythms,Bolus Thrombolytic Infusions
Refractory Cerebral Vasospasm And Ischemia,Intrathecal Sodium Nitroprusside
Refractory Esophageal Strictures,Endoscopic Ultrasound Miniprobe-Guided Steroid Injection
Refractory Ra,Mtx
Refractory Right Ventricular Failure,Use Of High-Frequency High-Volume Ventilation
Refractory Ventricular Fibrillation,Bolus Thrombolytic Infusions; Cpr; Tissue Plasminogen Activator
Regionally Advanced Disease Prior To Resection,Neoadjuvant Therapy
Relapsed Pediatric Leukemias,Ara-Ctp; Fludarabine
Renal Cell Carcinoma,Interferon Treatment
Renal Failure,Azathioprine And Prednisolone
Renal Trauma,Shock Wave Lithotripsy
Renovascular Hypertension,Percutaneous Transluminal Angioplasty
Resectable Primary Or Metastatic Lung Carcinoma,Surgical Treatment
Resistant Sclc,Carboplatin; Ifosfamide; Paclitaxel
Respiratory Disease,Antimicrobial Therapy
Restenosis,Corticosteroids; Probucol And Multivitamins
Retinal Degeneration,Lutein
Retinoblastoma,Radiation Treatment
Rheumatic Pain,Herbal Medicine; Nonsteroidal Antiinflammatory Drugs ( Nsaid )
Rheumatoid Arthritis,Anticytokine Therapy; Arthrodesis
Rheumatoid Arthritis ( Ra ),Corticosteroid; Methotrexate ( Mtx )
Rhinovirus,Clarithromycin
Right Ventricular Failure,Standard Methods Of Increasing Pulmonary Blood Flow
Rsv Bronchiolitis,Hospital Treatment
Ruptured Horn,Laparotomy
S.C. Tumors,Intraperitoneal Injection Of Irradiated Llc-Il2; Intrapleural Injection Of Irradiated Llc-Il2; Subcutaneous Injection Of Irradiated Llc-Il2
Salmonella Meningitis,Antibiotics
Schistosoma Mansoni Infection,Vaccination
Schizophrenia,Olanzapine
Schizophrenia And Other Psychiatric Disorders,Antipsychotic Agents
Schizophrenic Patients,Olanzapine
Sciatica,Corticosteroid Injections
Sclc,Anti-Idiotypic Monoclonal Antibody; Carboplatin Alone In A Combination Chemotherapy Regimen; Chemotherapy; Cisplatin And Carboplatin; Combination Chemotherapy; Combination Therapy With Carboplatin Alone; Etoposide; Gemcitabine; Intensification Of Platinum Dose ( Cisplatin Plus Carboplatin ) In Combination Chemotherapy; Matrix Metalloproteinase Inhibitors Marimastat And Bms-275291; Platinum-Based Combination Chemotherapy; Tumor Vaccines
"Sclc , Limited Disease",Chemo- And Radiotherapy; Radiotherapy; Surgical Treatment
Scrub Typhus,Azithromycin Therapy
Secondary Cataract Formation,Lens Implantation; Pccc With Anterior Vitrectomy
Secondary Pneumothorax,Thoracoscopic Operation
Seizures,Chronic Vagus Nerve Stimulation
Seminomatous Types,Chemotherapy
Separation-Related Problems,Behavioural Therapy; Clomipramine
"Several Disorders Including Rheumatoid Arthritis , Primary Biliary Cirrhosis , Scleroderma , Fibrotic Lung Diseases And Progressive Systemic Sclerosis","D-Penicillamine ( 2-Amino-3-Mercapto-3-Methylbutanoic Acid ) , A Well-Known Heavy Metal Chelator"
Severe Accidental Hypothermia,Extracorporeal Rewarming
Severe Combined Immunodeficiency,Hematopoietic Stem-Cell Transplantation
Severe Diverticular Hemorrhage,Colonoscopy
Severe Dyspnea Due To Tracheal Stenosis Caused By Lung Cancer And Esophageal Cancer,Expandable Metal Stents
Severe Foot Infections In Diabetic Patients,G-Csf
Severe Hypertension,Methyldopa
Severe Hypoxemia,Glucocorticoid Pulse Therapy; Mechanical Ventilation
Severe Meningococcal Disease,New Therapies
Severe Plaque Psoriasis,Acitretin; Oral Liarozole
Severe Psoriasis,Cyclosporin A ( Cya ); Methotrexate ( Mtx ); Photochemotherapy ( Puva ); Retinoids ( Ret ); Systemic Treatments; Ultraviolet B ( Uvb )
Severe Pulmonary Emphysema,Ippb
Severe Respiratory Failure,Surfactant ( Beractant )
Severe Rv Failure,Rhbp
Severe Secondary Peritonitis,Surgical Management
Severe Ulcerative Or Crohn 'S Colitis,Tacrolimus
Short-Bowel Syndrome,Comprehensive Modified Diet; Nutrition Management
Shoulder Dislocation,Immobilisation
Sickle Cell Disease,Hydroxyurea
"Single Non-Sclc , Breast , Melanoma , Renal Cell , And Ovarian Carcinoma Brain Metastasis",Surgical Resection And Wbrt
Skeletal Fluorosis,Fluoride
Sleep-Wake Cycle Disorders,Melatonin Treatment
Small Cell Lung Cancer,Chemotherapy; Gemcitabine/Carboplatin; Prophylactic Cranial Irradiation
Small Cell Lung Cancer ( Sclc ),Chemotherapy; Chemotherapy ( Ct ); Radical Radiotherapy In The Lung
Small Cell Neuroendocrine Carcinoma ( Scc ),Lung Resection
Small Lesions,Gks
Small-Cell Carcinoma,"New Chemotherapeutic Agents , Including The Taxanes And The Topoisomerase I Inhibitors"
Small-Cell Lung Cancer,Chemotherapy; Combination Chemotherapy; Ifosfamide In Combination With Paclitaxel And Carboplatin; Irinotecan
Small-Cell Lung Cancer ( Sclc ),Gemcitabine And Etoposide
Soft Tissue Sarcoma,Adjuvant Chemotherapy; Palliative Chemotherapy
Soft Tissue Sarcomas,Radiotherapy; Resection; Surgical Management
Solid Tumors,Carboplatin; Cyclophosphamide
Solitary Pulmonary Metastasis,Thoracoscopic Partial Resection Of The Lung
Sore Throat,Antibiotic Management; Antibiotics
Sore Throats,Antibiotics
Spasms In Severe Tetanus,Magnesium Sulphate
Splenic Rupture,G-Csf Therapy; Granulocyte Colony-Stimulating Factor ( G-Csf )
Splenomegaly,Splenectomy
Spontaneous Carotid-Cavernous Fistula In Ehlers-Danlos Syndrome,Transvenous Occlusion With Guglielmi Detachable Coils
Spontaneous Pneumothorax,Thoracoscopic Surgery
Spontaneous Rupture Of A Hepatic Metastasis From Renal Cell Carcinoma,Hepatic Arterial Embolization
Squamous Cell Carcinoma,"Completion Pneumonectomy Of The Left Lung; Induction Chemotherapy With Docetaxel , Cisplatin , Fluorouracil , And Leucovorin"
Squamous Cell Lung Cancer,Combination Of Radiation Therapy And Chemotherapy
Squamous Cell Lung Carcinoma With Sarcoidosis,Induction Chemotherapy ( Cisplatin + Vinorelbine )
Stable Asthma,Aerosolized Salbutamol; Dry Powdered Formoterol
Stable Chronic Obstructive Pulmonary Disease,Ipratropium Bromide; Salmeterol
Stage 0 Lung Carcinoma,Curative Therapy
Stage I Or Ii Non-Small Cell Lung Cancer ( Nsclc ),Surgical Resection
Stage Ib And Iia Cervical Carcinoma,Radical Surgery; Radiotherapy
Stage Ib-Iia Cervical Cancer,Radical Surgery Versus Radiotherapy
Stage Iii Nsclc,Chemotherapy
Stage Iii Or Iv Scchn,Tpfl5
Stage Iiia N2 Nsclc,Gemcitabine/Cisplatin
Stage Ivb Large Cell B-Cell Non-Hodgkin 'S Lymphoma,Chemotherapy
Status Epilepticus,Phenytoin
Steroid-Refractory Severe Colitis,Oral Tacrolimus
Stomach Cancer,Total Gastrectomy
Stone Disease,Medical Treatment
Streptococcus Pneumoniae,Levofloxacin
Stress Urinary Incontinence,Surgery; Surgical Procedures
Stridor,Microlaryngoscopy And Bronchoscopy
Stroke,Alteplase; Antiplatelet Therapy; Atrial Fibrillation; Caprie And Esps-2; Statins; Transfusions
Stump Recurrence After Prior Pneumonectomy,Carinal Plus Lobar Resections; Carinal Pneumonectomies; Carinal Resections; Isolated Carinal Resections
Subsequent Cancers,Radiation Treatment
Superficial Hemosiderosis Of The Central Nervous System,Trientine
Supraclavicular Node Metastases In Nsclc,Chemoradiotherapy
Supratentorial Cavernous Malformations,Microsurgical Treatment
Supratentorial Intracerebral Hemorrhage,Early Surgical Treatment
Surgical Jaundice,Percutaneous Transhepatic Biliary Drainage
Surgical-Site Complications,Morphine Nerve Paste
Sweating,Thoracoscopic Sympathectomy
Swine Enzootic Pneumonia,Vaccination
Symptomatic Bronchiectasis,"Antibiotics , Antibronchoobstructive Medication , And Chest Physical Therapy"
Symptomatic Metastases In Bone Or Brain,Radiotherapy
Symptoms Associated With Sblc,Radiotherapy
Symptoms Attributable To The Paranasal Sinuses,Pseudoephedrine Plus Acetaminophen
Symptoms Of A Common Cold,Macrolide Antibiotics
Syringomyelia Associated With Spinal Adhesive Arachnoiditis,Surgical Management
Tachycardia,Bolus Thrombolytic Infusions
Temporomandibular Joint Arthropathy,Arthroscopic Treatment
Teratoma Syndrome,Chemotherapy
Testicular Bleeding,Fine Needle Aspiration
Testicular Cancer,Adjuvant Psychological Therapy
Tetanus,Resuscitation Treatment
Thalassemia Major,Iron-Chelation Therapy With Deferiprone
Third And Sixth Nerve Palsy,Supramaximal Horizontal Rectus Surgery
Thromboembolic Disease,Low-Molecular-Weight Heparin
Thrombogenicity,Balloon Angioplasty; Laser-Thermal Angioplasty
Thrombosis,Oral Contraceptives
Torsade Des Pointes,Sodium Channel Block With Mexiletine
Total Peripheral Artery Occlusions,Ultrasound Energy
Toxic Effects Of Chemotherapy And Radiotherapy,Amifostine ( Wr-2721 )
Tracheobronchial Stenoses,Silicone Stents
Treatment-Resistant Bilateral Cmv Retinitis,Cidofovir 'S; Intravenous Cidofovir Therapy
Trigeminal Neuralgia,Gamma Knife Treatment
Troglitazone-Induced Hepatic Failure,Liver Transplantation
Tubal Pregnancy,Conservative Surgery; Salpingectomy
Tuberculosis,Mycobacterium Vaccae Immunotherapy
Tumor,Resection
Tumor Confined To The Carinal Or Proximal Main Stem Bronchus,Carinal Plus Lobar Resections; Carinal Pneumonectomies; Carinal Resections; Isolated Carinal Resections
Tumor Growth,Sp1 Decoy Strategy
Tumors,Autologous Tumor-Derived Heat Shock Protein Preparations; Immunotherapy
Type 2 Diabetes,Troglitazone
Typhoid,Vaccine
Typical Carcinoid ( Tc ),Lung Resection
Ulcer,Billroth Ii Subtotal Gastrectomy
Ulceration,Ranitidin
Ultraviolet-Induced Damage To The Epidermis,Topical Dl-Alpha-Tocopherol ( Vitamin E )
Unresectable Colorectal Cancer Liver Metastases,"Infusional Chemotherapy With 5-Fluorouracil , Leucovorin , Oxaliplatin And Surgery"
Unresectable Liver Metastases,Neoadjuvant Therapy With Oxaliplatin/Fluorouracil/Folinic Acid; Oxaliplatin/Fluorouracil/Folinic Acid Therapy; Surgery
Unresectable Non-Small-Cell Lung Cancer,"Mitomycin , Ifosfamide , And Cisplatin"
Unresectable Stage Iii Nsclc,Sequential Chemotherapy Followed By Radiation
Unstable Angina,"An Antichlamydial Macrolide Antibiotic , Roxithromycin; Aspirin Plus Heparin; Aspirin Plus Tirofiban; Coronary Angioplasty; Enoxaparin; Roxithromycin; Ufh"
Untreated Limited Small Cell Lung Cancer,Etoposide ( Vp-16 ) -Ifosfamide-Cisplatin ( Vip ) Combination Chemotherapy Plus Early Concurrent Thoracic Irradiation
Untreated Or Relapsed Sclc,Chemotherapeutic Drugs
Untreated Sclc,Chemotherapy
Upper Gastrointestinal ( Ugi ) Bleeding,Catheter Treatment; Endoscopic Intervention; Laparoscopic Removal; Laparoscopic Treatment; Laser Treatment
Ureteric Calculi,Rigid Ureteroscopy
Urinary Stones,Surgical Treatment
Urinary Tract Infections,Fluoroquinolones
Uterine Cervix Insufficiency,Surgical Treatment
Valvular Heart Disease,Fenfluramine-Phentermine; Fenfluramine-Phentermine Therapy
Vasoreactivity,Balloon Angioplasty; Laser-Thermal Angioplasty
Venous Thromboembolism,Low-Molecular-Weight Heparins
Ventral Hernia,Laparoscopic Technique For Mesh Placement
Ventral Hernias,Expanded Polytetrafluoroethylene Patch
Ventricular Septal Perforation,Endocardial Patch Repair
Ventricular Tachycardia,Procainamide; Surgical Therapy
Verruca Vulgaris,Topical Cidofovir
Vesico-Enteric Fistula,Resection Of The Small Intestine And Dome Of The Bladder And Drainage Of The Intervening Abscess
Vesico-Uterine Fistula,Caesarean Section; Vacuum Extraction
Vesicoureteric Reflux,Endoscopic Injection Of Pyrolised Polytetrafluoroethylene ( Polytef ) Paste
Viral Infections,Interferon
Viremia,Combination Therapy
Wilson 'S Disease,"D-Penicillamine ( 2-Amino-3-Mercapto-3-Methylbutanoic Acid ) , A Well-Known Heavy Metal Chelator"
Xerostomia,Amifostine; Irradiation Therapy
